name+A1:Y1,elevation,geometry,UTM_Easting,UTM_Northing,Species name (scientific),Common name (local),Phenology,Type of stem,C1,C2,C3,C4,C5,C6,C7,C8,C9,C10,C11,C,Wood density (g/cm3),Wood density (kg/m3),Tree Height,DBH,Biomass,Carbon
B01,1540.708,POINT (37.003249 -1.087438),277806.1039,9879731.782,Acacia dealbata,Silver wattle,Mature,straight,0.8,,,,,,,,,,,0.8,0.65,650,10,0.254647909,20.38028943,9.57873603
B02,1540.853,POINT (37.003774 -1.088269),277864.6093,9879639.914,Ulmus crassifiola,Cedar elm,Mature,Forked,0.6049,0.582,,,,,,,,,,0.839421235,0.6,600,15.7,0.267196078,32.1556878,15.11317327
B03,1532.993,POINT (37.00672 -1.092159),278192.8514,9879209.905,Psidium guajava,Common guava,Mature,straight,0.61,,,,,,,,,,,0.61,0.674,674,7.2,0.194169031,9.02542521,4.241949849
B04,1530.394,POINT (37.007743 -1.093474),278306.8309,9879064.545,Acacia dealbata,Silver wattle,Mature,straight,0.73,,,,,,,,,,,0.73,0.65,650,8.4,0.232366217,14.37743785,6.75739579
B05,,POINT (37.008166 -1.093841),278353.9473,9879023.987,Vachelia farnesiana,Sweet Acacia,Mature,straight,1.18,,,,,,,,,,,1.18,0.77,770,13.7,0.375605666,69.81410208,32.81262798
B06,1532.805,POINT (37.008841 -1.09346),278429.062,9879066.174,Prosopis laevigata,Smooth mesquite,Mature,straight,1,,,,,,,,,,,1,0.85,850,16.7,0.318309886,67.52419311,31.73637076
B07,1533.198,POINT (37.009205 -1.093191),278469.5636,9879095.952,Caesuarina equisetifolia,Whistling pine,Mature,Forked,1.7,0.6,0.63,0.67,,,,,,,,2.023808291,0.83,830,30.7,0.644198187,473.2440268,222.4246926
B08,1537.923,POINT (37.010016 -1.092566),278559.8003,9879165.135,Corymbia citriodora,Lemon-scented gum,Mature,straight,2.58,,,,,,,,,,,2.58,0.756,756,24.1,0.821239506,547.9523931,257.5376248
B09,1537.269,POINT (37.011286 -1.092428),278701.1696,9879180.491,Corymbia citriodora,Lemon-scented gum,Mature,straight,2.4,,,,,,,,,,,2.4,0.756,756,28.5,0.763943727,560.4197811,263.3972971
B10,1538.376,POINT (37.01043 -1.091504),278605.81,9879282.62,Corymbia citriodora,Lemon-scented gum,Mature,straight,1.22,,,,,,,,,,,1.22,0.756,756,35.4,0.388338061,184.8477215,86.87842911
B11,1540.053,POINT (37.009708 -1.091806),278525.4573,9879249.167,Albizia julibrissin,Persian silk tree,Mature,Forked,0.67,0.23,,,,,,,,,,0.70837843,0.55,550,5.5,0.225483857,7.618704792,3.580791252
B12,1536.334,POINT (37.009937 -1.090748),278550.8727,9879366.196,Grevillea robusta,silk oak,Mature,straight,1.3,,,,,,,,,,,1.3,0.61,610,21.2,0.413802852,102.8912395,48.35888258
B13,1533.504,POINT (37.006716 -1.090114),278192.2562,9879436.077,Acacia dealbata,Silver wattle,Mature,straight,1,,,,,,,,,,,1,0.65,650,17.6,0.318309886,54.70147736,25.70969436
B14,1531.213,POINT (37.005832 -1.089714),278093.8176,9879480.251,Vachelia farnesiana,Sweet Acacia,Mature,straight,1.13,,,,,,,,,,,1.13,0.77,770,15.6,0.359690171,72.82641522,34.22841515
B15,1534.675,POINT (37.00654 -1.087852),278172.4979,9879686.237,Jacaranda mimosifolia,blue jacaranda,Young,Forked,0.17,0.05,0.1,0.3,0.09,,,,,,,0.373496988,0.55,550,1.8,0.118887784,0.734208884,0.345078175
B16,1542.696,POINT (37.0069 -1.088257),278212.6038,9879641.471,Corymbia citriodora,Lemon-scented gum,Mature,straight,0.72,,,,,,,,,,,0.72,0.756,756,10.5,0.229183118,20.16537569,9.477726574
B17,1540.24,POINT (37.007296 -1.089088),278256.7483,9879549.593,Gleditsia triacanthos,honey locust,Mature,straight,1.06,,,,,,,,,,,1.06,0.6,600,16,0.337408479,51.64984564,24.27542745
B18,1532.634,POINT (37.008256 -1.089061),278363.6161,9879552.65,Peltophorum pterocarpum,Yellow Flame Tree,Mature,straight,2.19,,,,,,,,,,,2.19,0.62,620,17.6,0.697098651,241.2774985,113.4004243
B20,1540.436,POINT (37.005938 -1.090186),278105.6524,9879428.057,Peltophorum pterocarpum,Yellow Flame Tree,Mature,straight,1.03,1.17,,,,,,,,,,1.558781575,0.62,620,21.4,0.496175586,150.3661996,70.67211382
B21,1534.473,POINT (37.013576 -1.092454),278956.0995,9879177.784,Corymbia citriodora,Lemon-scented gum,Mature,straight,2.35,,,,,,,,,,,2.35,0.756,756,23.1,0.748028233,438.1494681,205.93025
B22,1536.4,POINT (37.013182 -1.092234),278912.2224,9879202.087,Vachelia farnesiana,Sweet Acacia,Mature,straight,0.37,,,,,,,,,,,0.37,0.77,770,7.4,0.117774658,3.978232205,1.869769136
B23,1535.756,POINT (37.012815 -1.091426),278871.3081,9879291.422,Jacaranda mimosifolia,blue jacaranda,Mature,straight,1.64,,,,,,,,,,,1.64,0.55,550,29.5,0.522028213,202.0648253,94.9704679
B25,1534.32,POINT (37.012501 -1.092288),278836.4159,9879196.064,Vachelia farnesiana,Sweet Acacia,Mature,straight,1.89,,,,,,,,,,,1.89,0.77,770,38.5,0.601605685,480.0133523,225.6062756
B26,1539.619,POINT (37.011854 -1.092086),278764.3757,9879218.357,Gleditsia triacanthos,honey locust,Mature,straight,1.28,2.63,,,,,,,,,,2.924944444,0.6,600,33,0.931038733,759.2452426,356.845264
B27,1532.466,POINT (37.010121 -1.090847),278571.3633,9879355.26,Robinia pseudoacacia,Black Locust,Mature,Slanted,2.02,,,,,,,,,,,2.02,0.711,711,27.4,0.64298597,362.8193234,170.525082
B28,1535.264,POINT (37.008255 -1.087857),278363.4168,9879685.81,Mangifera indica,Indian mango,Mature,Forked,1.2,1.05,,,,,,,,,,1.594521872,0.66,660,9.5,0.507552076,75.62111481,35.54192396
B30,,POINT (37.008 -1.088019),278335.0414,9879667.874,Mangifera indica,Indian mango,Mature,Forked,0.96,0.72,0.74,,,,,,,,,1.409822684,0.66,660,6.7,0.448760498,42.29297515,19.87769832
B29,1541.156,POINT (37.007997 -1.088083),278334.7121,9879660.796,Grevillea robusta,silk oak,Mature,straight,3,,,,,,,,,,,3,0.61,610,20.7,0.954929659,514.2625774,241.7034114
B31,1539.402,POINT (37.006187 -1.085919),278133.0598,9879899.996,Psidium guajava,Common guava,Mature,straight,1.05,,,,,,,,,,,1.05,0.674,674,6.9,0.33422538,24.99341144,11.74690337
B32,1544.085,POINT (37.006629 -1.086027),278182.2724,9879888.084,Grevillea robusta,silk oak,Mature,straight,1.06,,,,,,,,,,,1.06,0.61,610,19.8,0.337408479,64.62483528,30.37367258
B33,1546.371,POINT (37.006947 -1.085778),278217.6549,9879915.646,Guazuma ulmifolia,West Indian Elm,Mature,straight,0.67,,,,,,,,,,,0.67,0.556,556,7.7,0.213267624,9.591382629,4.507949835
B34,1542.959,POINT (37.005646 -1.084856),278072.7566,9880017.522,Juniperus dappeana,Juniper,Mature,straight,1.49,,,,,,,,,,,1.49,0.5,500,23.3,0.47428173,121.2743498,56.99894439
B35,1544.77,POINT (37.00646 -1.084274),278163.331,9880081.95,Vachelia farnesiana,Sweet Acacia,Mature,Forked,1.01,1.02,,,,,,,,,,1.435444182,0.77,770,15,0.456916074,111.813064,52.55214008
B36,1544.728,POINT (37.007429 -1.084172),278271.1955,9880093.302,Grevillea robusta,silk oak,Mature,straight,0.35,,,,,,,,,,,0.35,0.61,610,8.3,0.11140846,3.180520615,1.494844689
B37,1543.005,POINT (37.007934 -1.084922),278327.4682,9880010.39,Peltophorum pterocarpum,Yellow Flame Tree,Mature,straight,0.98,,,,,,,,,,,0.98,0.62,620,7.7,0.311943688,22.40979025,10.53260142
B38,1545.013,POINT (37.00847 -1.08536),278387.1691,9879961.988,Jacaranda mimosifolia,blue jacaranda,Mature,straight,2.47,,,,,,,,,,,2.47,0.55,550,25.7,0.786225419,392.8334152,184.6317051
B39,1544.633,POINT (37.00902 -1.086584),278448.4858,9879826.657,Musa acuminata,Plantain,Mature,straight,0.54,,,,,,,,,,,0.54,0.689,689,7.6,0.171887339,7.662736726,3.601486261
B40,1527.342,POINT (37.011155 -1.088336),278686.2873,9879633.046,Grevillea robusta,silk oak,Mature,Forked,1.42,1.28,,,,,,,,,,1.911753122,0.61,610,26,0.608529919,266.5790726,125.2921641
B41,1531.444,POINT (37.011796 -1.089736),278757.7472,9879478.257,Acacia dealbata,Silver wattle,Mature,Forked,1.13,1.06,,,,,,,,,,1.549354704,0.65,650,23.6,0.49317492,171.2045401,80.46613383
B42,1532.869,POINT (37.013191 -1.090795),278913.1192,9879361.237,Acacia dealbata,Silver wattle,Mature,straight,1.7,,,,,,,,,,,1.7,0.65,650,9,0.541126807,80.08582927,37.64033976
B43,1536.536,POINT (37.014085 -1.092145),279012.7399,9879211.996,Quercus virginiana,southern live oak,Mature,straight,0.79,,,,,,,,,,,0.79,0.7,700,6.1,0.25146481,13.1959586,6.202100542
B44,1530.225,POINT (37.014161 -1.091625),279021.1623,9879269.513,Jacaranda mimosifolia,blue jacaranda,Mature,straight,1.03,,,,,,,,,,,1.03,0.55,550,16,0.327859183,44.85889873,21.0836824
B45,1533.696,POINT (37.015489 -1.091804),279169.0112,9879249.813,Tsuga canadensis,eastern hemlock,Mature,straight,1.57,,,,,,,,,,,1.57,0.4,400,17.4,0.499746521,81.23777034,38.18175206
B46,1531.938,POINT (37.014776 -1.092226),279089.6694,9879203.089,Populus tremula,European aspen,Mature,straight,1.77,,,,,,,,,,,1.77,0.37,370,23.4,0.563408499,127.0394581,59.7085453
B47,1525.803,POINT (37.013833 -1.091308),278984.6255,9879304.548,Prunus mexicana,Mexican Plum,Mature,straight,0.49,,,,,,,,,,,0.49,0.6,600,6.2,0.155971844,4.540335157,2.133957524
B48,1525.505,POINT (37.013676 -1.090909),278967.1188,9879348.665,Quercus macrocarpa,bur oak,Young,straight,0.25,,,,,,,,,,,0.25,0.72,720,2.8,0.079577472,0.671331327,0.315525723
B49,1528.351,POINT (37.013347 -1.089978),278930.4258,9879451.607,Jacaranda mimosifolia,blue jacaranda,Mature,straight,1.23,,,,,,,,,,,1.23,0.55,550,22.1,0.39152116,86.93424324,40.85909432
B50,1529.199,POINT (37.012884 -1.090207),278878.9003,9879426.246,Psidium guajava,Common guava,Mature,straight,0.69,,,,,,,,,,,0.69,0.674,674,10.8,0.219633821,17.05306016,8.014938274
B51,1527.401,POINT (37.014286 -1.090015),279034.9601,9879447.583,Gleditsia triacanthos,honey locust,Mature,straight,0.54,,,,,,,,,,,0.54,0.6,600,10.2,0.171887339,8.922309125,4.193485289
B52,1525.933,POINT (37.01392 -1.089063),278994.1467,9879552.845,Jacaranda mimosifolia,blue jacaranda,Mature,straight,0.91,,,,,,,,,,,0.91,0.55,550,15.6,0.289661996,34.3643114,16.15122636
B53,1525.569,POINT (37.015138 -1.087726),279129.6399,9879700.803,Prosopis laevigata,Smooth mesquite,Mature,Multi-stemmed,0.56,0.7,0.64,0.6,0.57,,,,,,,1.3777155,0.85,850,9.8,0.438540464,75.01778011,35.25835665
B54,1525.702,POINT (37.014837 -1.088505),279096.1886,9879614.626,Pinus sylvestris,Scots pine,Mature,straight,1.83,,,,,,,,,,,1.83,0.5007,500.7,14.2,0.582507092,111.8667284,52.57736237
B55,1519.588,POINT (37.015105 -1.089218),279126.0749,9879535.789,Grevillea robusta,silk oak,Young,straight,0.16,,,,,,,,,,,0.16,0.61,610,4.4,0.050929582,0.371457556,0.174585051
B56,1525.498,POINT (37.01524 -1.089746),279141.1418,9879477.404,Grevillea robusta,silk oak,Young,straight,0.21,,,,,,,,,,,0.21,0.61,610,4.7,0.066845076,0.67359173,0.316588113
B58,1546.879,POINT (37.009578 -1.081623),278510.2431,9880375.372,Corymbia citriodora,Lemon-scented gum,Mature,Forked,0.43,0.38,0.41,,,,,,,,,0.705265907,0.756,756,18.6,0.224493111,33.84090788,15.9052267
B59,1547.735,POINT (37.009164 -1.082206),278464.1978,9880310.864,Vachelia farnesiana,Sweet Acacia,Mature,Forked,0.4,0.28,0.25,,,,,,,,,0.548543526,0.77,770,10.4,0.174606827,11.96065041,5.621505692
B60,1547.937,POINT (37.008825 -1.08277),278426.5003,9880248.462,Acacia dealbata,Silver wattle,Mature,Forked,0.62,0.33,,,,,,,,,,0.702353188,0.65,650,14.1,0.223565963,22.10512598,10.38940921
B61,1547.637,POINT (37.009199 -1.082838),278468.14,9880240.968,Caesuarina equisetifolia,Whistling pine,Mature,Forked,0.06,0.2,0.07,,,,,,,,,0.220227155,0.83,830,5.6,0.070100481,1.184434171,0.55668406
B62,1541.723,POINT (37.010161 -1.081711),278575.1507,9880365.682,Vachelia farnesiana,Sweet Acacia,Mature,Forked,0.48,0.35,,,,,,,,,,0.59405387,0.77,770,8.5,0.18909322,11.4765432,5.393975305
B63,1541.41,POINT (37.010556 -1.082325),278619.1677,9880297.804,Peltophorum pterocarpum,Yellow Flame Tree,Mature,straight,0.78,,,,,,,,,,,0.78,0.62,620,11.4,0.248281711,21.05025416,9.893619457
B64,1542.703,POINT (37.010241 -1.083051),278584.1538,9880217.487,Grevillea robusta,silk oak,Mature,straight,0.73,,,,,,,,,,,0.73,0.61,610,12,0.232366217,19.14010407,8.995848912
B65,1539.76,POINT (37.009781 -1.08317),278532.9539,9880204.293,Cordia boissieri,Anacahuita,Young,Forked,0.23,0.16,0.21,0.14,,,,,,,,0.377094153,0.62,620,3.5,0.120032797,1.609125673,0.756289066
B66,1540.64,POINT (37.010035 -1.083751),278561.2721,9880140.054,Madura pomifera,osage orange,Mature,Forked,0.13,0.3,,,,,,,,,,0.326955654,0.7736,773.6,6.1,0.104073217,2.599749362,1.2218822
B67,1541.18,POINT (37.009354 -1.08397),278485.4773,9880115.783,Psidium guajava,Common guava,Young,Forked,0.17,0.23,,,,,,,,,,0.286006993,0.674,674,4.7,0.091038853,1.356944377,0.637763857
B68,1543.664,POINT (37.009016 -1.083738),278447.8333,9880141.417,Vachelia cornigera,Swollen thorn tree,Young,Forked,0.17,0.12,,,,,,,,,,0.20808652,0.75,750,3.4,0.066235997,0.590161214,0.277375771
B69,1542.69,POINT (37.008731 -1.083743),278416.1067,9880140.843,Vachelia cornigera,Swollen thorn tree,Mature,straight,0.29,,,,,,,,,,,0.29,0.75,750,6.6,0.092309867,2.155315353,1.012998216
B70,1528.401,POINT (37.009094 -1.084105),278456.5432,9880100.834,Dichrostachys cinerea,aroma,Mature,Forked,0.49,0.6,,,,,,,,,,0.774661216,0.81,810,9.6,0.246582324,22.79815066,10.71513081
B72,1541.358,POINT (37.007881 -1.084423),278321.5317,9880065.575,Albizia julibrissin,Persian silk tree,Mature,straight,1.44,,,,,,,,,,,1.44,0.55,550,15,0.458366236,81.01359314,38.07638877
B73,1542.661,POINT (37.008323 -1.084743),278370.7597,9880030.216,Corymbia citriodora,Lemon-scented gum,Mature,straight,0.8,,,,,,,,,,,0.8,0.756,756,21.5,0.254647909,49.85447193,23.43160181
B74,1542.181,POINT (37.00893 -1.084732),278438.3319,9880031.477,Grevillea robusta,silk oak,Mature,straight,0.55,,,,,,,,,,,0.55,0.61,610,7.4,0.175070437,6.870926483,3.229335447
B75,1540.998,POINT (37.009357 -1.08467),278485.8622,9880038.365,Ulmus crassifiola,Cedar elm,Mature,straight,0.54,,,,,,,,,,,0.54,0.6,600,7.3,0.171887339,6.437045956,3.025411599
B76,1537.26,POINT (37.009716 -1.084765),278525.8339,9880027.885,Vachelia farnesiana,Sweet Acacia,Mature,Forked,0.7,0.88,,,,,,,,,,1.124455424,0.77,770,6.4,0.357925278,30.231599,14.20885153
B77,1544.717,POINT (37.010056 -1.084406),278563.6575,9880067.614,Agava sisalana,Sisal,Mature,straight,0.23,,,,,,,,,,,0.23,0.65,650,7.1,0.073211274,1.280264133,0.601724143
B78,1540.016,POINT (37.010342 -1.084454),278595.4993,9880062.326,Populus alba,white poplar,Mature,Multi-stemmed,0.4,0.31,0.52,0.12,0.35,,,,,,,0.814493708,0.4,400,11.7,0.259261399,15.31750616,7.199227894
B79,1541.049,POINT (37.010474 -1.083822),278610.148,9880132.234,Jacaranda mimosifolia,blue jacaranda,Mature,Forked,0.53,0.51,,,,,,,,,,0.735527022,0.55,550,7.2,0.234125523,10.6641511,5.012151016
B80,1530.097,POINT (37.01018 -1.085433),278577.5363,9879954.04,Vachelia farnesiana,Sweet Acacia,Mature,straight,0.87,,,,,,,,,,,0.87,0.77,770,9.6,0.276929601,27.21626399,12.79164407
B81,1535.944,POINT (37.010758 -1.085909),278641.9154,9879901.437,Grevillea robusta,silk oak,Mature,straight,0.7,,,,,,,,,,,0.7,0.61,610,10.5,0.22281692,15.47994111,7.275572321
B82,1543.353,POINT (37.011156 -1.085571),278686.1972,9879938.849,Dichrostachys cinerea,aroma,Mature,Forked,0.21,0.25,0.21,,,,,,,,,0.388200979,0.81,810,5.6,0.123568209,3.497250015,1.643707507
B83,1537.95,POINT (37.011454 -1.085126),278719.339,9879988.086,Cordia sebestena,Scarlet Cordia,Young,Forked,0.19,0.08,,,,,,,,,,0.206155281,0.8,800,3.7,0.065621264,0.670291266,0.315036895
B84,1538.175,POINT (37.01124 -1.084449),278695.4667,9880062.945,Vachelia farnesiana,Sweet Acacia,Young,Forked,0.25,0.21,,,,,,,,,,0.326496554,0.77,770,4.5,0.103927081,1.917858885,0.901393676
B85,1536.745,POINT (37.011512 -1.084134),278725.7236,9880097.803,Dichrostachys cinerea,aroma,Young,straight,0.21,,,,,,,,,,,0.21,0.81,810,4.4,0.066845076,0.832987548,0.391504147
B86,1538.563,POINT (37.011106 -1.083775),278680.5005,9880137.478,Vachelia farnesiana,Sweet Acacia,Mature,straight,0.23,0.15,0.2,0.21,0.32,0.14,0.29,0.31,0.2,0.34,0.22,0.815904406,0.77,770,5.9,0.259710439,14.930063,7.017129608
B88,1534.638,POINT (37.011697 -1.083365),278746.2624,9880182.866,Grevillea robusta,silk oak,Mature,Multi-stemmed,0.29,0.36,,,,,,,,,,0.462276973,0.61,610,9.2,0.147147331,6.053454884,2.845123795
B87,1538.992,POINT (37.012613 -1.084495),278848.3159,9880057.958,Tsuga canadensis,eastern hemlock,Mature,straight,1.5,,,,,,,,,,,1.5,0.4,400,17.2,0.477464829,73.4838174,34.53739418
B89,1536.658,POINT (37.01262 -1.085009),278849.1325,9880001.111,Albizia julibrissin,Persian silk tree,Young,Forked,0.63,0.66,,,,,,,,,,0.91241438,0.55,550,4.6,0.290430517,10.48856091,4.929623627
B90,1533.372,POINT (37.011731 -1.085534),278750.205,9879942.983,Acacia dealbata,Silver wattle,Young,straight,0.56,,,,,,,,,,,0.56,0.65,650,2.7,0.178253536,2.830432184,1.330303126
B91,1533.391,POINT (37.011177 -1.08642),278688.5968,9879844.953,Quercus macrocarpa,oak,Mature,Forked,0.25,0.95,0.9,,,,,,,,,1.332291259,0.72,720,11.7,0.424081479,71.03931588,33.38847846
B92,1535.153,POINT (37.011571 -1.086919),278732.4942,9879789.794,Vachelia farnesiana,Sweet Acacia,Mature,straight,0.61,,,,,,,,,,,0.61,0.77,770,7.1,0.194169031,10.13869812,4.765188119
B93,1532.779,POINT (37.01187 -1.087081),278765.7914,9879771.899,Quercus macrocarpa,oak,Mature,straight,0.52,0.43,,,,,,,,,,0.674759216,0.72,720,8.6,0.214782529,13.94121955,6.552373189
B94,1533.058,POINT (37.012065 -1.087583),278787.5359,9879716.393,Prosopis laevigata,Smooth Mesquite,Mature,straight,0.72,0.83,,,,,,,,,,1.098772042,0.85,850,6.5,0.349750004,32.31046444,15.18591829
B95,1534.273,POINT (37.012387 -1.087836),278823.4001,9879688.436,Quercus macrocarpa,oak,Mature,straight,0.39,0.44,,,,,,,,,,0.587962584,0.72,720,5.5,0.187154303,6.888050962,3.237383952
B96,1536.352,POINT (37.013157 -1.087732),278909.1108,9879699.994,Vachelia farnesiana,Sweet Acacia,Mature,straight,0.22,0.17,,,,,,,,,,0.278028775,0.77,770,5.2,0.088499308,1.613885259,0.758526072
B97,1535.888,POINT (37.013624 -1.087342),278961.0699,9879743.161,Gleditsia triacanthos,honey locust,Mature,Forked,0.29,0.7,0.19,,,,,,,,,0.781152994,0.6,600,9.3,0.248648721,16.76143149,7.877872801
B98,1535.757,POINT (37.013385 -1.086746),278934.4205,9879809.06,Vachelia farnesiana,Sweet Acacia,Young,Forked,0.43,0.19,0.25,,,,,,,,,0.53244718,0.77,770,4.7,0.169483201,5.198158302,2.443134402
B99,1532.874,POINT (37.012788 -1.085987),278867.9058,9879892.96,Vachelia farnesiana,Sweet Acacia,Mature,straight,0.72,0.58,,,,,,,,,,0.924553947,0.77,770,8.1,0.294294661,25.96398481,12.20307286
B100,1532.68,POINT (37.012583 -1.08542),278845.0435,9879955.653,Ulmus thomasi,rock elm,Mature,straight,0.32,0.54,,,,,,,,,,0.627694193,0.55,550,7.8,0.199801267,8.461705096,3.977001395
B101,1530.869,POINT (37.013609 -1.085636),278959.276,9879931.839,Taxodium distichum,baldcypress,Mature,straight,0.5,,,,,,,,,,,0.5,0.46,460,10.8,0.159154943,6.263800735,2.943986346
B102,1528.464,POINT (37.014065 -1.086111),279010.0736,9879879.339,Terminalia catappa,Sea Almond,Mature,straight,0.24,,,,,,,,,,,0.24,0.8,800,6.3,0.076394373,1.516071931,0.712553808
B103,1530.499,POINT (37.014351 -1.086393),279041.9323,9879848.171,Acacia dealbata,Silver wattle,Young,straight,0.1,,,,,,,,,,,0.1,0.65,650,2.2,0.031830989,0.080275541,0.037729504
B104,1530.866,POINT (37.014181 -1.086811),279023.0379,9879801.929,Prunus arneniaca,Apricot,Mature,Forked,0.47,0.78,0.73,,,,,,,,,1.16713324,0.6,600,8.8,0.371510049,34.77643505,16.34492447
B106,1530.517,POINT (37.017203 -1.090186),279359.6991,9879428.885,Cordia africana,East African Cordia,Mature,straight,0.57,,,,,,,,,,,0.57,0.55,550,6.8,0.181436635,6.131484826,2.881797868
B107,1533.689,POINT (37.017512 -1.090574),279394.1259,9879385.996,Vachelia farnesiana,Sweet Acacia,Mature,slanted,0.21,,,,,,,,,,,0.21,0.77,770,7,0.066845076,1.247320193,0.586240491
B108,1534.271,POINT (37.018101 -1.090963),279459.7229,9879343.017,Pithecellobium dulca,Manila Tamarind,Mature,straight,2.23,,,,,,,,,,,2.23,0.67,670,14,0.709831046,215.6434737,101.3524326
B109,1531.358,POINT (37.019134 -1.091945),279574.7899,9879234.487,Vachelia farnesiana,Sweet Acacia,Mature,straight,1.04,,,,,,,,,,,1.04,0.77,770,16,0.331042282,63.48343042,29.8372123
B110,1533.742,POINT (37.019818 -1.092832),279650.9987,9879136.438,Coccoloba uvifera,sea grape,Mature,straight,0.54,,,,,,,,,,,0.54,0.56,560,10.8,0.171887339,8.8198455,4.145327385
B111,1529.941,POINT (37.019406 -1.093705),279605.1979,9879039.856,Bridella tomentosa,Blume,Mature,straight,0.74,,,,,,,,,,,0.74,0.68,680,14,0.235549316,25.40184348,11.93886644
B112,1529.05,POINT (37.018748 -1.094706),279532.0213,9878929.1,Caesuarina equisetifolia,Beach Sheoak,Mature,straight,2.04,,,,,,,,,,,2.04,0.83,830,32.4,0.649352168,506.6236874,238.1131331
B113,1535.059,POINT (37.018948 -1.093926),279554.2286,9879015.381,Grevillea robusta,silk oak,Mature,straight,0.57,,,,,,,,,,,0.57,0.61,610,11.8,0.181436635,11.61667214,5.459835904
B114,1534.107,POINT (37.018131 -1.093961),279463.2813,9879011.45,Vachelia farnesiana,Sweet Acacia,Mature,straight,1.49,,,,,,,,,,,1.49,0.77,770,14.3,0.47428173,114.7777672,53.94555057
B115,1536.291,POINT (37.017438 -1.091781),279385.9761,9879252.5,Jacaranda mimosifolia,blue jacaranda,Mature,straight,0.47,,,,,,,,,,,0.47,0.55,550,10.2,0.149605647,6.250259235,2.93762184
B116,1530.37,POINT (37.017317 -1.091151),279372.4602,9879322.168,Grevillea robusta,silk oak,Mature,Forked,0.61,0.36,0.49,,,,,,,,,0.86127812,0.61,610,10.8,0.27415334,23.84946849,11.20925019
B117,1530.741,POINT (37.016997 -1.091955),279336.8958,9879233.224,Vachelia farnesiana,Sweet Acacia,Mature,straight,0.65,,,,,,,,,,,0.65,0.77,770,12.9,0.206901426,20.55571717,9.661187069
B118,1537.808,POINT (37.017041 -1.092423),279341.8281,9879181.468,Coccoloba uvifera,sea grape,Mature,straight,1.53,,,,,,,,,,,1.53,0.56,560,10.7,0.487014126,66.74258311,31.36901406
B119,1538.134,POINT (37.01629 -1.092653),279258.2421,9879155.975,Grevillea robusta,silk oak,Mature,straight,0.41,,,,,,,,,,,0.41,0.61,610,8.6,0.130507053,4.484166707,2.107558352
B120,1538.541,POINT (37.015784 -1.092692),279201.916,9879151.625,Callistemon citrinus,crimson bottlebrush,Mature,Forked,0.14,0.19,0.16,,,,,,,,,0.285131549,0.65,650,7.4,0.090760191,2.027669766,0.95300479
B121,1543.707,POINT (37.016861 -1.09392),279321.8995,9879015.891,Spathodea camfanulata,African tulip tree,Mature,Forked,0.29,0.33,,,,,,,,,,0.439317653,0.42,420,9.3,0.139839152,3.847776651,1.808455026
B122,1543.403,POINT (37.016416 -1.093933),279272.3622,9879014.42,Spathodea camfanulata,African tulip tree,Mature,straight,0.4,,,,,,,,,,,0.4,0.42,420,8.8,0.127323954,3.036006883,1.426923235
B124,1533.051,POINT (37.015194 -1.093679),279136.3082,9879042.422,Vachelia farnesiana,Sweet Acacia,Mature,straight,1.4,,,,,,,,,,,1.4,0.77,770,22.6,0.445633841,158.8700262,74.6689123
B125,1530.204,POINT (37.014457 -1.093965),279054.2848,9879010.737,Prunus arneniaca,Apricot,Mature,Forked,0.16,,,,,,,,,,,0.16,0.6,600,16.4,0.050929582,1.320020519,0.620409644
B127,1529.811,POINT (37.013112 -1.093965),278904.5566,9879010.638,Jacaranda mimosofolia,Blue Jacaranda,Mature,Multi-stemmed,0.54,0.5,0.41,0.44,0.32,0.19,,,,,,1.020686044,0.55,550,6.6,0.324894458,18.56956156,8.727693934
B128,1527.106,POINT (37.012759 -1.093647),278865.2366,9879045.782,Dracaona cochinchinesis,dragon blood,Mature,Forked,0.5,0.6,,,,,,,,,,0.781024968,0.61,610,8.3,0.248607969,15.23909983,7.16237692
B129,1524.245,POINT (37.012114 -1.094011),278793.4604,9879005.477,Corymbia citriodora,Lemon-scented gum,Mature,straight,1.48,,,,,,,,,,,1.48,0.756,756,31,0.471098632,236.7731278,111.2833701
B130,1530.612,POINT (37.011634 -1.093614),278739.9966,9879049.348,Corymbia citriodora,Lemon-scented gum,Mature,straight,1.79,,,,,,,,,,,1.79,0.756,756,28.3,0.569774696,313.9967883,147.5784905
B131,1526.701,POINT (37.010791 -1.092819),278646.0937,9879137.211,Populus tremuloidas,Aspen,Mature,straight,1.9,,,,,,,,,,,1.9,0.39,390,33.1,0.604788784,215.4435339,101.2584609
B132,1531.92,POINT (37.010682 -1.093751),278634.0279,9879034.126,Ficus benghalensis,Indian banyan,Mature,straight,2.17,,,,,,,,,,,2.17,0.6,600,10.2,0.690732453,134.7764599,63.34493616
B133,1534.921,POINT (37.010893 -1.09394),278657.5307,9879013.239,Ficus benghalensis,Indian banyan,Mature,Forked,0.9,0.83,,,,,,,,,,1.224295716,0.6,600,9.61,0.38970543,41.60475979,19.5542371
B134,1529.641,POINT (37.009965 -1.093548),278554.1949,9879056.525,Populus tremuloidas,Aspen,Mature,straight,1.95,,,,,,,,,,,1.95,0.39,390,27.8,0.620704278,191.156731,89.84366357
B135,1531.827,POINT (37.011018 -1.094419),278671.4812,9878960.272,Populus alba,white poplar,Mature,straight,1.03,,,,,,,,,,,1.03,0.4,400,10,0.327859183,20.77992956,9.766566895
B136,1525.284,POINT (37.010885 -1.095184),278656.7314,9878875.655,Caesuarina equisetifolia,Beach Sheoak,Mature,straight,1.27,,,,,,,,,,,1.27,0.83,830,14.5,0.404253555,91.6464205,43.07381764
B137,1525.071,POINT (37.011399 -1.095832),278713.9986,9878804.026,Callistemon citrinus,crimson bottlebrush,Mature,straight,1.44,,,,,,,,,,,1.44,0.65,650,10.2,0.458366236,65.44794949,30.76053626
B138,1525.327,POINT (37.01173 -1.0967),278750.91,9878708.052,Caesuarina equisetifolia,Beach Sheoak,Mature,straight,1.67,,,,,,,,,,,1.67,0.83,830,16.7,0.53157751,179.5185378,84.37371276
B139,1531.106,POINT (37.01228 -1.096521),278812.1241,9878727.889,Terminalia catappa,Sea Almond,Mature,straight,1.14,,,,,,,,,,,1.14,0.8,800,8.8,0.36287327,43.98295873,20.6719906
B140,1524.663,POINT (37.011734 -1.095796),278751.2889,9878808.032,Robinia pseudoacacia,Black Locust,Mature,straight,1.17,,,,,,,,,,,1.17,0.711,711,12.8,0.372422567,59.44779074,27.94046165
B142,1530.303,POINT (37.011688 -1.094637),278746.0831,9878936.211,Populus alba,white poplar,Mature,Forked,0.94,0.68,0.66,,,,,,,,,1.334765897,0.4,400,16.4,0.424869181,55.85527099,26.25197736
B143,1535.177,POINT (37.012883 -1.0957),278879.191,9878818.734,Cascabella thevetia,Yellow Oleander,Mature,straight,1.36,,,,,,,,,,,1.36,0.5,500,11,0.432901445,48.77948267,22.92635685
B144,1534.582,POINT (37.013138 -1.095325),278907.5506,9878860.227,Ailanthus altissima,tree-of-heaven,Mature,straight,1.89,,,,,,,,,,,1.89,0.45,450,20.4,0.601605685,152.8843936,71.85566502
B146,1528.854,POINT (37.01312 -1.094474),278905.4845,9878954.344,Mangifera indica,Indian mango,Mature,Forked,0.78,0.5,0.8,0.82,,,,,,,,1.473363499,0.66,660,8.7,0.468986168,59.47875455,27.95501464
B147,1527.796,POINT (37.013421 -1.094626),278939.0036,9878937.556,Gleditsia triacanthos,honey locust,Mature,Forked,0.93,0.94,1.14,,,,,,,,,1.745880866,0.64,640,9.8,0.55573114,90.29341335,42.43790427
B145,1529.691,POINT (37.013551 -1.094336),278953.4542,9878969.638,Fraxinus undei,Tropical Ash,Young,Forked,0.65,0.33,0.26,,,,,,,,,0.773950903,0.6,600,4.3,0.246356224,7.753265727,3.644034892
B148,1528.998,POINT (37.013525 -1.09494),278950.6041,9878902.836,Tabebuia rosea,Pink poui,Young,Forked,0.4,0.23,,,,,,,,,,0.46141088,0.77,770,4.6,0.146871645,3.848941369,1.809002444
B149,1528.42,POINT (37.013499 -1.095446),278947.7468,9878846.872,Castanospermum australe,Blackbean,Young,straight,0.42,,,,,,,,,,,0.42,0.76,760,3.6,0.133690152,2.48990729,1.170256426
B150,1526.827,POINT (37.013293 -1.09582),278924.8419,9878805.493,Schinus molle,Peruvian Pepper Tree,Mature,straight,0.61,,,,,,,,,,,0.61,0.68,680,10,0.194169031,12.54491708,5.896111027
B151,1537.906,POINT (37.010116 -1.094282),278571.0584,9878975.357,Acacia dealbata,Silver wattle,Mature,Forked,2.14,1.87,,,,,,,,,,2.841918366,0.65,650,19.2,0.904610712,457.4362025,214.9950152
B152,1530.566,POINT (37.009897 -1.094889),278546.7234,9878908.208,Acacia dealbata,Silver wattle,Mature,straight,0.64,,,,,,,,,,,0.64,0.65,650,12.3,0.203718327,16.13575867,7.583806574
B153,1528.988,POINT (37.009294 -1.095153),278479.6154,9878878.966,Acacia dealbata,Silver wattle,Mature,straight,0.54,,,,,,,,,,,0.54,0.65,650,6.4,0.171887339,6.121290191,2.87700639
B154,1527.779,POINT (37.008798 -1.094539),278424.3544,9878946.836,Vachelia farnesiana,Sweet Acacia,Mature,straight,0.84,,,,,,,,,,,0.84,0.77,770,10.6,0.267380304,27.99509166,13.15769308
B155,1525.217,POINT (37.008813 -1.093739),278425.9655,9879035.315,Vachelia farnesiana,Sweet Acacia,Mature,straight,0.63,,,,,,,,,,,0.63,0.77,770,9.2,0.200535228,13.90464403,6.535182692
B157,1528.661,POINT (37.0137 -1.095118),278970.0985,9878883.162,Ficus carica,common fig,Mature,Forked,0.47,0.57,,,,,,,,,,0.738782783,0.57,570,10,0.235161863,15.34807244,7.213594048
B158,1528.866,POINT (37.013882 -1.095448),278990.3833,9878846.679,Cupressus macrocarpa,Monterey Cypress,Mature,straight,0.74,,,,,,,,,,,0.74,0.41,410,12.7,0.235549316,14.09629727,6.625259719
B159,1526.48,POINT (37.014301 -1.095461),279037.0282,9878845.272,Melia azerdarach,China Berry,Mature,Forked,0.39,0.52,,,,,,,,,,0.65,0.48,480,5.9,0.206901426,6.039835905,2.838722875
B160,1527.687,POINT (37.014511 -1.095248),279060.3902,9878868.845,Macadamia integrifolia,Macadamia Tree,Mature,straight,0.72,,,,,,,,,,,0.72,0.5,500,12,0.229183118,15.3448946,7.21210046
B161,1529.514,POINT (37.014929 -1.09494),279106.9002,9878902.939,Cupressus lusitanica,cedar of Goa,Mature,straight,1.89,,,,,,,,,,,1.89,0.47,470,24,0.601605685,186.9314521,87.85778247
B162,1527.717,POINT (37.015084 -1.094612),279124.1311,9878939.227,Tecoma stans,yellow trumpet flower,Mature,straight,0.6,,,,,,,,,,,0.6,0.52,520,15.3,0.190985932,14.1580877,6.654301221
B163,1531.607,POINT (37.015727 -1.094366),279195.6931,9878966.481,Caesuarina equisetifolia,Beach Sheoak,Mature,straight,0.55,,,,,,,,,,,0.55,0.83,830,12.7,0.175070437,15.72156857,7.389137227
B164,1526.91,POINT (37.015461 -1.095122),279166.1368,9878882.85,Caesuarina equisetifolia,Beach Sheoak,Mature,straight,1.45,,,,,,,,,,,1.45,0.83,830,20.5,0.461549335,166.4399526,78.22677771
B165,1531.609,POINT (37.015909 -1.094997),279215.9999,9878896.707,Caesuarina equisetifolia,Beach Sheoak,Mature,straight,0.24,,,,,,,,,,,0.24,0.83,830,6.6,0.076394373,1.644533418,0.772930706
B166,1534.349,POINT (37.016175 -1.095243),279245.6295,9878869.52,Caesuarina equisetifolia,Beach Sheoak,Mature,straight,0.89,,,,,,,,,,,0.89,0.83,830,14,0.283295799,44.24108111,20.79330812
B167,1532.084,POINT (37.015857 -1.095393),279210.2401,9878852.907,Gleditsia triacanthos,honey locust,Mature,Forked,1.25,1.89,2.19,,,,,,,,,3.151301319,0.6,600,22.8,1.003090364,612.1355937,287.703729
B168,1533.04,POINT (37.016326 -1.095847),279262.4834,9878802.731,Coiba speciosa,Floss silk tree,Mature,straight,1.26,,,,,,,,,,,1.26,0.58,580,9,0.401070457,39.93419849,18.76907329
B169,1531.281,POINT (37.016043 -1.095722),279230.9701,9878816.534,Grevillea robusta,silk oak,Mature,straight,1.72,,,,,,,,,,,1.72,0.61,610,22.4,0.547493004,187.5213709,88.13504431
B170,1534.75,POINT (37.01625 -1.096252),279254.0526,9878757.933,Coccoloba uvifera,sea grape,Mature,straight,2.95,,,,,,,,,,,2.95,0.56,560,12.5,0.939014164,279.8230709,131.5168433
B171,,POINT (37.016245 -1.096244),279253.4954,9878758.818,Ipomoea carnea,Bush Morning Glory,Mature,Forked,0.51,0.86,,,,,,,,,,0.999849989,0.5,500,5.2,0.318262136,12.87840454,6.052850134
B172,1586.628,POINT (37.016414 -1.096595),279272.3345,9878720.011,Spathodea camfanulata,African tulip tree,Mature,straight,0.45,,,,,,,,,,,0.45,0.42,420,10.9,0.143239449,4.708316553,2.21290878
B173,1534.305,POINT (37.017558 -1.096361),279399.6695,9878745.975,Larix decidua,European larch,Mature,Forked,0.61,0.44,,,,,,,,,,0.752130308,0.51,510,7.4,0.239410513,10.6281584,4.995234446
B174,1538.102,POINT (37.017589 -1.095999),279403.094,9878786.013,Grevillea robusta,silk oak,Mature,straight,1.07,,,,,,,,,,,1.07,0.61,610,19.1,0.340591578,63.54814463,29.86762798
B175,1534.395,POINT (37.017721 -1.096047),279417.7919,9878780.714,Grevillea robusta,silk oak,Mature,straight,0.4,,,,,,,,,,,0.4,0.61,610,10.6,0.127323954,5.240549165,2.463058108
B176,1532.4,POINT (37.017447 -1.095623),279387.2587,9878827.587,Phoenix dactylifera,Date Palm,Mature,straight,0.56,,,,,,,,,,,0.56,0.53,530,9.5,0.178253536,7.91753098,3.72123956
B177,1536.231,POINT (37.017975 -1.095643),279446.0381,9878825.414,Corymbia citriodora,Lemon-scented gum,Mature,straight,1.22,,,,,,,,,,,1.22,0.756,756,26.1,0.388338061,137.2865695,64.52468767
B178,1531.495,POINT (37.01803 -1.095348),279452.1392,9878858.044,Fraxinus undei,Tropical Ash,Mature,straight,1.13,,,,,,,,,,,1.13,0.6,600,15.2,0.359690171,55.65950496,26.15996733
B179,1533.477,POINT (37.01832 -1.095012),279484.3979,9878895.226,Bauhinia variegata,Orchid tree,Mature,Forked,0.82,0.64,,,,,,,,,,1.04019229,0.7,700,12.5,0.331103489,45.47586008,21.37365424
B180,1528.928,POINT (37.01767 -1.094991),279412.0372,9878897.501,Tecoma stans,yellow trumpet flower,Mature,Multi-stemmed,0.64,0.64,0.6,0.51,0.31,,,,,,,1.239112586,0.52,520,7.2,0.394421786,27.94494476,13.13412404
B181,1537.341,POINT (37.017695 -1.095182),279414.8343,9878876.379,Callistemon citrinus,crimson bottlebrush,Mature,Forked,0.52,0.39,,,,,,,,,,0.65,0.65,650,9.5,0.206901426,12.92539438,6.074935361
B182,1535.608,POINT (37.017386 -1.094813),279380.4088,9878917.166,Caesuarina equisetifolia,Beach Sheoak,Mature,Forked,0.46,0.36,,,,,,,,,,0.584123275,0.83,830,5.6,0.185932213,7.951403535,3.737159661
B183,1538.361,POINT (37.017249 -1.094458),279365.1318,9878956.418,Coccoloba uvifera,sea grape,Mature,slanted,1.99,,,,,,,,,,,1.99,0.56,560,13,0.633436674,134.8269432,63.36866332
B184,1543.685,POINT (37.016816 -1.094806),279316.9549,9878917.898,Acacia dealbata,Silver wattle,Mature,straight,2.55,,,,,,,,,,,2.55,0.65,650,28.6,0.81169021,546.2083981,256.7179471
B185,1540.113,POINT (37.016512 -1.094657),279283.1021,9878934.355,Castanospermum australe,Blackbean,Mature,Forked,0.32,0.72,,,,,,,,,,0.787908624,0.76,760,10.3,0.250799104,23.7191608,11.14800558
B186,1534.546,POINT (37.015139 -1.095612),279130.3271,9878828.633,Alnus rubra,Red Alder,Mature,Forked,0.53,0.91,,,,,,,,,,1.053090689,0.43,430,11.7,0.335209177,27.14207573,12.75677559
B187,1532.38,POINT (37.014816 -1.095563),279094.3665,9878834.029,Buitinia variegata,Orchid,Mature,Forked,0.49,0.63,0.69,0.71,,,,,,,,1.271691787,0.64,640,12.6,0.404792068,62.1615688,29.21593734
B188,1529.854,POINT (37.014767 -1.095789),279088.9283,9878809.03,Juglans nigra,eastern black walnut,Mature,Forked,1.72,1.34,,,,,,,,,,2.180366942,0.62,620,11.1,0.694032353,152.5437891,71.69558087
B189,1528.814,POINT (37.014327 -1.095985),279039.961,9878787.321,Tecoma stans,yellow trumpet flower,Mature,straight,0.63,,,,,,,,,,,0.63,0.52,520,11.3,0.200535228,11.58542131,5.445148017
B190,1528.509,POINT (37.014022 -1.095698),279005.9867,9878819.04,Tecoma stans,yellow trumpet flower,Mature,straight,0.26,,,,,,,,,,,0.26,0.52,520,16,0.08276057,2.89097006,1.358755928
B191,1531.199,POINT (37.013511 -1.095933),278949.1184,9878793.012,Tectona grandis,Teak,Mature,Forked,0.48,0.38,0.49,,,,,,,,,0.784155597,0.65,650,11,0.249604479,21.51053139,10.10994975
B192,1529.567,POINT (37.010932 -1.096754),278662.0789,9878702.02,Caesuarina equisetifolia,Beach Sheoak,Mature,straight,0.99,,,,,,,,,,,0.99,0.83,830,10.9,0.315126787,42.65830898,20.04940522
B193,1530.363,POINT (37.011122 -1.096943),278683.244,9878681.132,Ailanthus altissima,tree-of-heaven,Mature,straight,0.52,,,,,,,,,,,0.52,0.45,450,5.2,0.165521141,3.243160642,1.524285502
B194,1531.366,POINT (37.011608 -1.097056),278737.3549,9878668.67,Cascabella thevetia,Yellow Oleander,Young,Forked,0.61,0.18,0.3,0.34,0.39,,,,,,,0.873040663,0.5,500,4.5,0.277897474,8.582319597,4.033690211
B195,1529.534,POINT (37.012109 -1.097077),278793.1288,9878666.385,Cascabella thevetia,Yellow Oleander,Mature,Forked,0.39,0.52,0.59,,,,,,,,,0.877838254,0.5,500,7.7,0.279424595,14.65311769,6.886965317
B196,1531.471,POINT (37.012615 -1.096774),278849.4356,9878699.933,Acacia dealbata,Silver wattle,Mature,straight,0.37,,,,,,,,,,,0.37,0.65,650,10.1,0.117774658,4.568000255,2.14696012
B197,1525.855,POINT (37.012459 -1.097301),278832.108,9878641.637,Acacia dealbata,Silver wattle,Mature,straight,2.53,,,,,,,,,,,2.53,0.65,650,28.4,0.805324012,534.2058624,251.0767553
B198,1528.167,POINT (37.012755 -1.097033),278865.0397,9878671.299,Corymbia citriodora,Lemon-scented gum,Mature,straight,0.58,,,,,,,,,,,0.58,0.756,756,15.3,0.184619734,19.09337968,8.97388845
B199,1525.587,POINT (37.013225 -1.097092),278917.3654,9878664.808,Vachelia farnesiana,Sweet Acacia,Mature,Forked,0.59,0.71,0.41,0.49,,,,,,,,1.122675376,0.77,770,14.7,0.357358671,67.85597818,31.89230975
B200,1527.87,POINT (37.012596 -1.097653),278847.385,9878602.716,Vachelia farnesiana,Sweet Acacia,Mature,straight,1.06,,,,,,,,,,,1.06,0.77,770,12.2,0.337408479,50.5678451,23.7668872
B201,1537.563,POINT (37.01215 -1.097702),278797.739,9878597.264,Vachelia farnesiana,Sweet Acacia,Mature,straight,1.69,,,,,,,,,,,1.69,0.77,770,15.8,0.537943708,161.7761028,76.03476831
B202,1529.345,POINT (37.011188 -1.097485),278690.6312,9878621.193,Acacia dealbata,Silver wattle,Mature,straight,2.01,,,,,,,,,,,2.01,0.65,650,22.6,0.639802871,272.7892381,128.2109419
B203,1530.659,POINT (37.011639 -1.097614),278740.8469,9878606.959,Mangifera indica,Indian mango,Mature,straight,0.27,,,,,,,,,,,0.27,0.66,660,5.1,0.085943669,1.2866508,0.604725876
B204,1533.725,POINT (37.011689 -1.098415),278746.472,9878518.374,Vachelia farnesiana,Sweet Acacia,Mature,straight,1.37,,,,,,,,,,,1.37,0.77,770,10.9,0.436084544,74.74755873,35.1313526
B205,1529.937,POINT (37.012222 -1.098163),278805.7881,9878546.284,Corymbia citriodora,Lemon-scented gum,Mature,straight,0.44,,,,,,,,,,,0.44,0.756,756,14.8,0.14005635,10.77972267,5.066469656
B206,1552.011,POINT (37.01392 -1.101372),278995.0491,9878191.503,Acacia dealbata,Silver wattle,Mature,straight,1.6,,,,,,,,,,,1.6,0.65,650,24.4,0.509295818,188.3273387,88.51384918
B207,1528.611,POINT (37.013761 -1.100767),278977.3043,9878258.403,Pterocarya stenoptera,Wingnut,Mature,straight,1.65,,,,,,,,,,,1.65,0.5,500,12.4,0.525211312,79.96099766,37.5816689
B208,1527.938,POINT (37.013948 -1.100767),278998.1215,9878258.417,Grevillea robusta,silk oak,Mature,straight,1.5,,,,,,,,,,,1.5,0.61,610,12.4,0.477464829,80.60590851,37.884777
B209,1528.238,POINT (37.014294 -1.100596),279036.6262,9878277.354,Albizia gummifera,Siris,Mature,straight,0.94,,,,,,,,,,,0.94,0.51,510,7.8,0.299211293,17.28994655,8.126274878
B210,1533.353,POINT (37.014345 -1.101432),279042.3652,9878184.899,Pterocarya stenoptera,Wingnut,Mature,straight,2.8,,,,,,,,,,,2.8,0.5,500,12,0.891267681,217.4219336,102.1883088
B211,1530.339,POINT (37.014342 -1.10111),279042.0076,9878220.511,Corymbia citriodora,Lemon-scented gum,Mature,straight,1.18,,,,,,,,,,,1.18,0.756,756,21.6,0.375605666,106.9431738,50.2632917
B212,1530.697,POINT (37.014609 -1.100988),279071.7215,9878234.024,Pinus sabiniana,gray pine,Mature,slanted,0.74,,,,,,,,,,,0.74,0.42,420,12.5,0.235549316,14.20990107,6.678653501
B213,1528.331,POINT (37.014855 -1.100635),279099.0806,9878273.083,Pterocarya stenoptera,Wingnut,Mature,straight,0.66,,,,,,,,,,,0.66,0.5,500,8,0.210084525,8.71636826,4.096693082
B214,1527.304,POINT (37.014972 -1.100527),279112.0973,9878285.036,Acacia dealbata,Silver wattle,Mature,straight,0.33,,,,,,,,,,,0.33,0.65,650,5,0.105042262,1.83955435,0.864590545
B215,1532.009,POINT (37.014724 -1.100544),279084.4908,9878283.137,Grevillea robusta,silk oak,Mature,straight,1,,,,,,,,,,,1,0.61,610,15.2,0.318309886,44.5591109,20.94278213
B216,1532.745,POINT (37.015007 -1.099823),279115.9418,9878362.899,Callistemon citrinus,crimson bottlebrush,Mature,straight,0.55,,,,,,,,,,,0.55,0.65,650,8.5,0.175070437,8.36911493,3.933484017
B217,1532.572,POINT (37.015269 -1.100086),279145.1274,9878333.831,Caesuarina equisetifolia,Beach Sheoak,Mature,Forked,1.23,0.22,0.13,,,,,,,,,1.256264303,0.83,830,15.3,0.399881347,94.54976641,44.43839021
B218,1540.457,POINT (37.015645 -1.099478),279186.9397,9878401.102,Vachelia farnesiana,Sweet Acacia,Mature,straight,1.47,,,,,,,,,,,1.47,0.77,770,13.2,0.467915533,103.3888725,48.59277005
B219,1531.897,POINT (37.015786 -1.099326),279202.6249,9878417.923,Grevillea robusta,silk oak,Mature,straight,0.78,,,,,,,,,,,0.78,0.61,610,12.2,0.248281711,22.13670787,10.4042527
B220,1534.957,POINT (37.015719 -1.098652),279195.1168,9878492.461,Ficus macrocarpa,common fig,Mature,straight,1.9,,,,,,,,,,,1.9,0.65,650,19.9,0.604788784,215.867034,101.457506
B221,1533.105,POINT (37.014882 -1.098599),279101.9365,9878498.261,Acacia dealbata,Silver wattle,Mature,straight,1.82,,,,,,,,,,,1.82,0.65,650,16.7,0.579323993,167.2666342,78.61531806
B222,1528.076,POINT (37.014875 -1.099188),279101.2006,9878433.118,Acacia dealbata,Silver wattle,Mature,straight,2.43,,,,,,,,,,,2.43,0.65,650,22,0.773493023,384.845732,180.877494
B223,1530.477,POINT (37.014486 -1.098841),279057.8709,9878471.467,Corymbia citriodora,Lemon-scented gum,Mature,straight,2.03,,,,,,,,,,,2.03,0.756,756,30.3,0.646169069,429.0745941,201.6650592
B224,1529.829,POINT (37.01353 -1.098631),278951.4317,9878494.621,Corymbia citriodora,Lemon-scented gum,Mature,straight,2.18,,,,,,,,,,,2.18,0.756,756,22.7,0.693915552,372.0153338,174.8472069
B225,1521.066,POINT (37.013415 -1.099826),278938.7176,9878362.449,Pterocarya stenoptera,Wingnut,Mature,straight,0.82,,,,,,,,,,,0.82,0.5,500,16.5,0.261014107,26.98975555,12.68518511
B226,1531.311,POINT (37.013255 -1.100307),278920.9415,9878309.24,Corymbia citriodora,Lemon-scented gum,Mature,straight,0.18,,,,,,,,,,,0.18,0.756,756,10.3,0.05729578,1.322006521,0.621343065
B227,1531.294,POINT (37.012954 -1.099696),278887.3886,9878376.793,Robinia pseudoacacia,Not Found,Mature,Forked,1.65,1.17,,,,,,,,,,2.02272094,0.711,711,21.5,0.643852072,287.1090867,134.9412708
B228,1527.325,POINT (37.014302 -1.099764),279037.4556,9878369.372,Corymbia citriodora,Lemon-scented gum,Mature,straight,1.61,,,,,,,,,,,1.61,0.756,756,17.4,0.512478917,158.8227478,74.64669147
B229,1529.263,POINT (37.014491 -1.100035),279058.5153,9878339.414,Corymbia citriodora,Lemon-scented gum,Mature,straight,3.23,,,,,,,,,,,3.23,0.756,756,24.1,1.028140932,849.6195276,399.321178
B230,1534.25,POINT (37.013159 -1.099272),278910.1784,9878423.701,Corymbia citriodora,Lemon-scented gum,Mature,straight,1.79,,,,,,,,,,,1.79,0.756,756,22.7,0.569774696,253.199522,119.0037753
B231,1532.812,POINT (37.012685 -1.099101),278857.3992,9878442.578,Corymbia citriodora,Lemon-scented gum,Mature,straight,1.68,,,,,,,,,,,1.68,0.756,756,18.1,0.534760609,179.3537808,84.29627698
B232,1526.559,POINT (37.012644 -1.098749),278852.8091,9878481.505,Vachelia farnesiana,Sweet Acacia,Mature,straight,1.22,,,,,,,,,,,1.22,0.77,770,12.6,0.388338061,68.66354874,32.27186791
B233,1531.267,POINT (37.013811 -1.09781),278982.6528,9878585.443,Corymbia citriodora,Lemon-scented gum,Mature,straight,1.45,,,,,,,,,,,1.45,0.756,756,25.7,0.461549335,189.4513034,89.04211261
B234,1529.345,POINT (37.014406 -1.097605),279048.8743,9878608.159,Caesuarina equisetifolia,Beach Sheoak,Mature,straight,1.45,,,,,,,,,,,1.45,0.83,830,16.4,0.461549335,133.866963,62.91747259
B235,1524.001,POINT (37.01372 -1.096928),278972.4577,9878682.983,Acacia dealbata,Silver wattle,Mature,Forked,0.28,0.26,0.23,0.64,,,,,,,,0.7800641,0.65,650,9.9,0.248302115,19.21130962,9.029315523
B236,1518.823,POINT (37.013535 -1.097285),278951.8894,9878643.486,Grevillea robusta,silk oak,Mature,straight,0.37,,,,,,,,,,,0.37,0.61,610,6,0.117774658,2.582632203,1.213837135
